-- phpMyAdmin SQL Dump
-- version 3.5.1
-- http://www.phpmyadmin.net
--
-- Servidor: localhost
-- Tiempo de generación: 24-05-2013 a las 02:26:19
-- Versión del servidor: 5.5.24-log
-- Versión de PHP: 5.4.3

SET SQL_MODE="NO_AUTO_VALUE_ON_ZERO";
SET time_zone = "+00:00";


/*!40101 SET @OLD_CHARACTER_SET_CLIENT=@@CHARACTER_SET_CLIENT */;
/*!40101 SET @OLD_CHARACTER_SET_RESULTS=@@CHARACTER_SET_RESULTS */;
/*!40101 SET @OLD_COLLATION_CONNECTION=@@COLLATION_CONNECTION */;
/*!40101 SET NAMES utf8 */;

--
-- Base de datos: `vallesaludss`
--

-- --------------------------------------------------------

--
-- Estructura de tabla para la tabla `afiliados`
--

CREATE TABLE IF NOT EXISTS `afiliados` (
  `Identificacion` varchar(12) NOT NULL DEFAULT '',
  `TipoAfilia` varchar(3) NOT NULL,
  PRIMARY KEY (`Identificacion`),
  KEY `Tipo_Afil_idx` (`TipoAfilia`),
  KEY `id_fk_idx` (`Identificacion`)
) ENGINE=InnoDB DEFAULT CHARSET=latin1;

-- --------------------------------------------------------

--
-- Estructura de tabla para la tabla `atencionmedica`
--

CREATE TABLE IF NOT EXISTS `atencionmedica` (
  `NRegistro` varchar(8) NOT NULL,
  `CedPac` varchar(12) NOT NULL,
  `CedMed` varchar(12) NOT NULL,
  `Motivo` varchar(255) NOT NULL,
  `FechaAtenc` datetime NOT NULL,
  `hora` time NOT NULL,
  PRIMARY KEY (`NRegistro`)
) ENGINE=InnoDB DEFAULT CHARSET=latin1;

-- --------------------------------------------------------

--
-- Estructura de tabla para la tabla `citas`
--

CREATE TABLE IF NOT EXISTS `citas` (
  `idCitas` varchar(8) NOT NULL,
  `idPaciente` varchar(12) NOT NULL,
  `idMedico` varchar(12) NOT NULL,
  `Fecha` date NOT NULL,
  `Hora` time NOT NULL,
  PRIMARY KEY (`idCitas`),
  KEY `idMed_fk_idx` (`idMedico`),
  KEY `idpac_Fk_idx` (`idPaciente`)
) ENGINE=InnoDB DEFAULT CHARSET=latin1;

-- --------------------------------------------------------

--
-- Estructura de tabla para la tabla `cum`
--

CREATE TABLE IF NOT EXISTS `cum` (
  `idCUM` varchar(20) NOT NULL,
  `Expediente` varchar(45) NOT NULL,
  `Producto` varchar(45) DEFAULT NULL,
  `RegistroSanitario` varchar(45) DEFAULT NULL,
  `Vencimiento` date DEFAULT NULL,
  `EstadoRegistro` varchar(45) DEFAULT NULL,
  `Presentacion` varchar(45) NOT NULL,
  `Cantidad` varchar(3) NOT NULL,
  `Unidad` varchar(4) NOT NULL,
  `Fabricante` varchar(60) DEFAULT NULL,
  PRIMARY KEY (`idCUM`)
) ENGINE=InnoDB DEFAULT CHARSET=latin1;

--
-- Volcado de datos para la tabla `cum`
--

INSERT INTO `cum` (`idCUM`, `Expediente`, `Producto`, `RegistroSanitario`, `Vencimiento`, `EstadoRegistro`, `Presentacion`, `Cantidad`, `Unidad`, `Fabricante`) VALUES
('10121-01', '10121', 'TRIMETOPRIM SULFA TABLETAS.', 'INVIMA 2005M-8432-R2', '2015-12-19', 'Vigente', 'CAJA X 20 TABLETAS EN BLISTER PVC/ALUMINIO X ', '20', 'U', 'LABORATORIOS ECAR S.A.'),
('10121-02', '10121', '', '', '0000-00-00', '', 'CAJA X 100 TABLETAS EN BLISTER PVC/ALUMINIO X', '100', 'U', ''),
('10121-03', '10121', '', '', '0000-00-00', '', 'CAJA X 250 TABLETAS EN BLISTER PVC/ALUMINIO X', '250', 'U', ''),
('10816-01', '10816', 'IBUPROFENO SUSPENSION 100 MG / 5 ML.', 'INVIMA 2006M-005761 R1', '2016-11-10', 'Vigente', 'FRASCO PET X 100 ML. CON TAPA PILFER PROFF EN', '100', 'ml', 'GENFAR S.A.'),
('10816-02', '10816', '', '', '0000-00-00', '', 'FRASCO PET X 120 ML. CON TAPA PILFER PROFF EN', '120', 'ml', ''),
('11492-01', '11492', 'AMOXICILINA POLVO PARA SUSPENSIÓN 500 MG / 5 ', 'INVIMA 2006M-004374 - R1', '2016-06-22', 'Vigente', 'CAJA CON UN FRASCO POR 45 G DE POLVO PARA REC', '45', 'g', 'GENFAR S.A'),
('11492-02', '11492', '', '', '0000-00-00', '', 'CAJA CON UN FRASCO POR 60 G DE POLVO PARA REC', '60', 'g', ''),
('11697-01', '11697', 'ACIDO FUSIDICO CREMA 2%', 'INVIMA 2006 M-005236 R1', '2016-08-03', 'Vigente', 'TUBO COLAPSIBLE DE ALUMINIO POR 10 G.', '10', 'g', 'GENFAR S.A.'),
('11697-02', '11697', '', '', '0000-00-00', '', 'TUBO COLAPSIBLE DE ALUMINIO POR 15 G.', '15', 'g', ''),
('14960-01', '14960', 'ENALAPRIL 20 MG. TABLETAS', 'INVIMA 2006M-005544 R1', '2016-08-14', 'Vigente', 'CAJA POR 10 TABLETAS EN EMPAQUE BLISTER ALUMI', '10', 'U', 'PRODUCTORA DE CAPSULAS DE GELATINA S. A. "PROCAPS S. A."'),
('14960-02', '14960', '', '', '0000-00-00', '', 'CAJA POR 20 TABLETAS EN EMPAQUE BLISTER ALUMI', '20', 'U', ''),
('14960-03', '14960', '', '', '0000-00-00', '', 'CAJA POR 30 TABLETAS EN EMPAQUE BLISTER ALUMI', '30', 'U', ''),
('14960-04', '14960', '', '', '0000-00-00', '', 'CAJA POR 100 TABLETAS EN EMPAQUE BLISTER ALUM', '100', 'U', ''),
('14960-05', '14960', '', '', '0000-00-00', '', 'CAJA POR 250 TABLETAS EN EMPAQUE BLISTER ALUM', '250', 'U', ''),
('14961-01', '14961', 'ENALAPRIL 5 MG TABLETAS', 'INVIMA 2006 M-005447 R1', '2016-09-12', 'Vigente', 'CAJA POR 30 TABLETAS EN BLISTER PVDC AMBAR/AL', '30', 'U', 'PROCAPS S.A.'),
('14961-02', '14961', '', '', '0000-00-00', '', 'CAJA POR 50 TABLETAS EN BLISTER PVDC AMBAR/AL', '50', 'U', ''),
('14961-03', '14961', '', '', '0000-00-00', '', 'CAJA POR 100 TABLETAS EN BLISTER PVDC AMBAR/A', '100', 'U', ''),
('14961-04', '14961', '', '', '0000-00-00', '', 'CAJA POR 10 TABLETAS EN BLISTER PVDC AMBAR/AL', '10', 'U', ''),
('14962-01', '14962', 'CAPTOPRIL 50 MG. TABLETAS.', 'INVIMA 2006 M-004738-R1', '2016-08-04', 'Vigente', 'CAJA POR 30 TABLETAS EN SISTEMA BLISTER FOIL ', '30', 'U', 'PROCAPS S.A.'),
('14962-02', '14962', '', '', '0000-00-00', '', 'CAJA POR 100 TABLETAS EN SISTEMA BLISTER FOIL', '100', 'U', ''),
('14962-03', '14962', '', '', '0000-00-00', '', 'CAJA POR 220 TABLETAS EN SISTEMA BLISTER FOIL', '220', 'U', ''),
('17583-01', '17583', 'AMOXICILINA 500 MG CAPSULAS', 'INVIMA 2005M-002840 - R1', '2015-09-21', 'Vigente', 'CAJA X 20 CAPSULAS EN BLISTER PVC/ALUMINIO', '20', 'U', 'SYNTOFARMA S.A.'),
('17583-02', '17583', '', '', '0000-00-00', '', 'CAJA X 50 CAPSULAS EN BLISTER PVC/ALUMINIO', '50', 'U', ''),
('17583-03', '17583', '', '', '0000-00-00', '', 'CAJA X 100 CAPSULAS EN BLISTER PVC/ALUMINIO', '100', 'U', ''),
('17583-04', '17583', '', '', '0000-00-00', '', 'CAJA X 250 CAPSULAS EN BLISTER PVC/ALUMINIO', '250', 'U', ''),
('17583-05', '17583', '', '', '0000-00-00', '', 'CAJA X 300 CAPSULAS EN BLISTER PVC/ALUMINIO', '300', 'U', ''),
('17584-01', '17584', 'AMOXICILINA 250 MG / 5 ML. . POLVO PARA RECON', 'INVIMA 2005 M-002628-R1', '2015-10-21', 'Vigente', 'FRASCO X 45 ML. , EN VIDRIO TIPO III AMBAR', '45', 'ml', 'SYNTOFARMA S.A.'),
('17584-02', '17584', '', '', '0000-00-00', '', 'FRASCO X 60 ML. , EN VIDRIO TIPO III  AMBAR.', '60', 'ml', ''),
('17584-03', '17584', '', '', '0000-00-00', '', 'FRASCO X 90 ML. , EN VIDRIO TIPO III  AMBAR.', '90', 'ml', ''),
('17584-04', '17584', '', '', '0000-00-00', '', 'FRASCO X 100 ML. , EN VIDRIO TIPO III  AMBAR.', '100', 'ml', ''),
('17584-05', '17584', '', '', '0000-00-00', '', 'FRASCO X 45 ML. , EN PET AMBAR.', '45', 'ml', ''),
('17584-06', '17584', '', '', '0000-00-00', '', 'FRASCO X 60 ML. , EN  PET AMBAR.', '60', 'ml', ''),
('17584-07', '17584', '', '', '0000-00-00', '', 'FRASCO X 90ML. , EN  PET AMBAR.', '9', 'ml', ''),
('17584-08', '17584', '', '', '0000-00-00', '', 'FRASCO X 100ML. , EN PET AMBAR.', '100', 'ml', ''),
('17587-01', '17587', 'AMPICILINA 500 MG CAPSULAS', 'INVIMA 2005M-002629-R1', '2015-08-25', 'Vigente', 'CAJA X 20 CAPSULAS EN BLISTER PVC/ALUMINIO', '20', 'U', 'SYNTOFARMA S.A.'),
('17587-02', '17587', '', '', '0000-00-00', '', 'CAJA X 50 CAPSULAS EN BLISTER PVC/ALUMINIO', '50', 'U', ''),
('17587-03', '17587', '', '', '0000-00-00', '', 'CAJA X 100 CAPSULAS EN BLISTER PVC/ALUMINIO', '100', 'U', ''),
('17587-04', '17587', '', '', '0000-00-00', '', 'CAJA X 250 CAPSULAS EN BLISTER PVC/ALUMINIO', '250', 'U', ''),
('17702-01', '17702', 'PEDIASURE', 'INVIMA 2006M-003161 R1', '2016-03-29', 'Vigente', 'LATA POR 400 G SABOR VAINILLA', '400', 'g', 'ABBOTT LABORATORIES B.V., ROSS PRODUCT MANUFACTURER'),
('17702-02', '17702', '', '', '0000-00-00', '', 'LATA POR 900G PARA EL SABOR VAINILLA', '900', 'g', ''),
('17702-03', '17702', '', '', '0000-00-00', '', 'LATA POR 400 G SABOR CHOCOLATE', '400', 'g', ''),
('17702-04', '17702', '', '', '0000-00-00', '', 'LATA POR 400 G SABOR FRESA', '400', 'g', ''),
('17702-05', '17702', '', '', '0000-00-00', '', 'MM SOBRE SABOR A  VAINILLA X 45,4 G', '45,', 'g', ''),
('17702-06', '17702', '', '', '0000-00-00', '', 'MM SOBRE SABOR A FRESA X 45,4 G', '45,', 'g', ''),
('19901974-01', '19901974', 'METOCARBAMOL TABLETAS 500 MG', 'INVIMA M-13621', '2009-09-14', 'Vigente', 'CAJA DE CARTULINA X 20 BLISTER 2X10 PVC/FOIL ', '20', 'U', 'BLISTECO S.A.'),
('19901974-02', '19901974', '', '', '0000-00-00', '', 'CAJA DE CARTULINA X 30 BLISTER 3X10 PVC/FOIL ', '30', 'U', ''),
('19901974-03', '19901974', '', '', '0000-00-00', '', 'CAJA DE CARTULINA X 40 BLISTER 4X10 PVC/FOIL ', '40', 'U', ''),
('19901974-04', '19901974', '', '', '0000-00-00', '', 'CAJA DE CARTULINA X 50 BLISTER 5X10 PVC/FOIL ', '50', 'U', ''),
('20472-01', '20472', 'DICLOFENACO 50MG. TABLETA CUBIERTA', 'INVIMA 2005 M-006042-R2', '2015-07-05', 'Vigente', 'CAJA POR 20 TABLETAS CUBIERTAS CON PELICULA', '20', 'U', 'TECNOQUIMICAS S.A.'),
('20679-01', '20679', 'TRIMETOPRIM SULFA MK SUSPENSION', 'INVIMA 2004M-006179 R2', '2014-08-23', 'Vigente', 'FRASCO DE VIDRIO AMBAR X 60 ML..', '60', 'ml', 'TECNOQUIMICAS S.A.'),
('20679-02', '20679', '', '', '0000-00-00', '', '', '', '', 'TECNOFAR TQ S.A.'),
('2202-01', '2202', 'PLITICAN TABLETAS', 'INVIMA 2006M-007695-R2', '2016-07-31', 'Vigente', 'CAJA POR 4 TABLETAS EN BLISTER PVC/ALUMINIO', '4', 'U', 'SANOFI - AVENTIS DE COLOMBIA S.A.'),
('2202-02', '2202', '', '', '0000-00-00', '', 'CAJA POR 20 TABLETAS EN BLISTER DE PVC/ALUMIN', '20', 'U', ''),
('2203-01', '2203', 'ACETAMINOFEN JARABE X 150 MG / 5 ML', 'INVIMA 2006M-007901-R2', '2016-05-24', 'Vigente', 'FRASCO AMBAR POR 60 ML', '60', 'ml', 'GENFAR S.A.'),
('2203-02', '2203', '', '', '0000-00-00', '', 'FRASCO AMBAR POR 120 ML', '120', 'ml', ''),
('22796-01', '22796', 'DICLOFENACO GEL AL 1%', 'INVIMA M-013372', '2009-08-10', 'Vigente', 'TUBO COLAPSIBLE POR 50G', '50', 'g', 'FARMACOOP S.A.'),
('22796-02', '22796', '', '', '0000-00-00', '', '', '', '', 'COOPERATIVA DE COSMETICOS Y POPULARES COSMEPOP'),
('23597-01', '23597', 'AMPICILINA POLVO PARA SUSPENSION X 250 MG/5 M', 'INVIMA 2007M-007513-R2', '2017-04-04', 'Vigente', 'FRASCO CON 30 G DE POLVO PARA RECONSTITUIR A ', '60', 'ml', 'GENFAR S.A.'),
('23597-02', '23597', '', '', '0000-00-00', '', 'FRASCO CON 50 G DE POLVO PARA RECONSTITUIR A ', '100', 'ml', ''),
('24207-01', '24207', 'CLOTRIMAZOL MK 1% CREMA VAGINAL.', 'INVIMA 2006 M-007579-R2', '2016-08-08', 'Vigente', 'TUBO COLAPSIBLE DE ALUMINIO POR 20 G CON APLI', '20', 'g', 'TECNOFAR TQ S.A.'),
('24207-02', '24207', '', '', '0000-00-00', '', 'TUBO COLAPSIBLE DE ALUMINIO POR 40 G CON 6  A', '40', 'g', ''),
('25040-01', '25040', 'ACETAMINOFEN MK 500 MG. TABLETAS', 'INVIMA 2005 M-007907-R2', '2015-09-20', 'Vigente', 'CAJA POR 10 TABLETAS EN TIRAS POR 2 TABLETAS ', '10', 'U', 'FABRIFARMA S.A.'),
('25040-02', '25040', '', '', '0000-00-00', '', 'CAJA POR 20 TABLETAS EN TIRAS POR 2 TABLETAS ', '20', 'U', 'TECNOQUIMICAS S.A.'),
('25040-03', '25040', '', '', '0000-00-00', '', 'CAJA POR 30 TABLETAS EN TIRAS POR 2 TABLETAS ', '30', 'U', ''),
('25040-04', '25040', '', '', '0000-00-00', '', 'CAJA POR 50 TABLETAS EN TIRAS POR 2 TABLETAS ', '50', 'U', ''),
('25040-05', '25040', '', '', '0000-00-00', '', 'CAJA POR 60 TABLETAS EN TIRAS POR 2 TABLETAS ', '60', 'U', ''),
('25040-06', '25040', '', '', '0000-00-00', '', 'CAJA POR 10 TABLETAS EN TIRAS POR 10 TABLETAS', '10', 'U', ''),
('25040-07', '25040', '', '', '0000-00-00', '', 'CAJA POR 30 TABLETAS EN TIRAS POR 10 TABLETAS', '30', 'U', ''),
('25040-08', '25040', '', '', '0000-00-00', '', 'CAJA POR 50 TABLETAS EN TIRAS POR 10 TABLETAS', '50', 'U', ''),
('25317-01', '25317', 'VITAMINA C TABLETAS.', 'INVIMA 2005 M-007884-R2', '2015-10-14', 'Vigente', 'MUESTRA MEDICA: PORTAMUESTRA POR 1 TABLETA.', '1', 'U', 'GENFAR S.A.'),
('25317-02', '25317', '', '', '0000-00-00', '', 'TIRA EN PAPEL FOIL DE ALUMINIO PLASTIFICADO-P', '10', 'U', ''),
('25317-03', '25317', '', '', '0000-00-00', '', 'BOLSA METALIZADA POR 12 TABLETAS EN FOIL DE A', '12', 'U', ''),
('25317-04', '25317', '', '', '0000-00-00', '', 'CAJA POR 50 TABLETAS EN FOIL DE ALUMINIO PLAS', '50', 'U', ''),
('25317-05', '25317', '', '', '0000-00-00', '', 'CAJA DISPENSADORA POR 100 TABLETAS EN FOIL DE', '100', 'U', ''),
('25318-01', '25318', 'TIAMINA TABLETAS 300 MG', 'INVIMA 2005  M-007885-R2', '2015-08-23', 'Vigente', 'CAJA CARTON POR 250 TABLETAS EN BLISTER DE PV', '250', 'U', 'GENFAR S.A.'),
('25318-02', '25318', '', '', '0000-00-00', '', 'CAJA CARTON POR 540 TABLETAS EN BLISTER DE PV', '540', 'U', ''),
('26577-01', '26577', 'IBUPROFENO TABLETAS 200 MG.', 'INVIMA M-14214', '2010-03-29', 'Vigente', 'CAJA POR 10 TABLETAS EN BLISTER PVC/ALUMINIO', '10', 'U', 'COLOMPACK S.A.'),
('26577-02', '26577', '', '', '0000-00-00', '', 'CAJA POR 200 TABLETAS EN BLISTER PVC/ALUMINIO', '200', 'U', 'EDMOPHARMA'),
('26802-01', '26802', 'ADRENALINA SOLUCION INYECTABLE DE 1MG/ML', 'INVIMA 2008M-000070-R3', '2018-04-08', 'Vigente', 'CAJA DE CARTULINA POR 25 AMPOLLAS DE VIDRIO A', '25', 'ml', 'ARBOFARMA S.A.'),
('27156-01', '27156', 'TETRACICLINA DE 500 MG CAPSULAS', 'INVIMA M-009030-R1', '2009-05-25', 'Vigente', 'CAJA X 240 CAPSULAS EN FOIL DE ALUMINIO', '240', 'U', 'LAGUNAS  E HIJOS LTDA'),
('27447-01', '27447', 'COMPLEJO B JARABE', 'M-009298', '2009-05-07', 'Vigente', 'FRASCO POR 120 ML..', '120', 'U', 'TECNIMICRO PHARMA S.A.'),
('30666-01', '30666', 'AMPICILINA 500 MG CAPSULAS.', 'INVIMA 2001M-010688- R1', '2011-12-05', 'Vigente', 'CAJA POR 10 CÁPSULAS EN BLISTER PVC/ALUMINIO', '10', 'U', 'GENMED S.A.'),
('30666-02', '30666', '', '', '0000-00-00', '', 'CAJA POR 100 CÁPSULAS EN BLISTER PVC/ALUMINIO', '100', 'U', 'MANUFACTURERA MUNDIAL FARMACEUTICA S.A.(MMFSA)'),
('30864-01', '30864', 'VITAMINA C 1 G TABLETA EFERVESCENTE', 'INVIMA 2008 M-009980-R-2', '2019-01-29', 'Vigente', 'TUBO POR 10 TABLETAS EN POLIPROPILENO DE ALTA', '10', 'U', 'TECNOQUIMICAS S.A.'),
('30864-02', '30864', '', '', '0000-00-00', '', 'TUBO POR 13 TABLETAS EN POLIPROPILENO DE ALTA', '13', 'U', 'TECNOFAR TQ S.A.'),
('30864-03', '30864', '', '', '0000-00-00', '', 'TUBO POR 15 TABLETAS EN POLIPROPILENO DE ALTA', '15', 'U', ''),
('30864-04', '30864', '', '', '0000-00-00', '', 'BOLSA CON 2 TUBOS DE POLIPROPILENO DE ALTA DE', '20', 'U', ''),
('30864-05', '30864', '', '', '0000-00-00', '', 'BOLSA CON 3 TUBOS DE POLIPROPILENO DE ALTA DE', '30', 'U', ''),
('30865-01', '30865', 'VITAMINA C 500 MG. TABLETAS MASTICABLES', 'INVIMA 2009 M-009979-R2', '2019-03-05', 'Vigente', 'CAJA POR 4 TABLETAS MASTICABLES EN FOIL ALUMI', '4', 'U', 'TECNOQUIMICAS S.A.'),
('30865-02', '30865', '', '', '0000-00-00', '', 'CAJA POR 6 TABLETAS MASTICABLES EN FOIL ALUMI', '6', 'U', 'TECNOFAR TQ S.A.'),
('30865-03', '30865', '', '', '0000-00-00', '', 'CAJA POR 8 TABLETAS MASTICABLES EN FOIL ALUMI', '8', 'U', ''),
('30865-04', '30865', '', '', '0000-00-00', '', 'CAJA POR 10 TABLETAS MASTICABLES EN FOIL ALUM', '10', 'U', ''),
('30865-05', '30865', '', '', '0000-00-00', '', 'CAJA POR 2 TABLETAS MASTICABLES EN FOIL ALUMI', '2', 'U', ''),
('30865-06', '30865', '', '', '0000-00-00', '', 'CAJA POR 3 TABLETAS MASTICABLES EN FOIL ALUMI', '3', 'U', ''),
('30865-07', '30865', '', '', '0000-00-00', '', 'CAJA POR 20 TABLETAS MASTICABLES EN FOIL ALUM', '20', 'U', ''),
('30865-08', '30865', '', '', '0000-00-00', '', 'CAJA POR 50 TABLETAS MASTICABLES EN FOIL ALUM', '50', 'U', ''),
('30865-09', '30865', '', '', '0000-00-00', '', 'CAJA POR 90 TABLETAS MASTICABLES EN FOIL ALUM', '90', 'U', ''),
('30865-10', '30865', '', '', '0000-00-00', '', 'CAJA POR 100 TABLETAS MASTICABLES EN FOIL ALU', '100', 'U', ''),
('31190-01', '31190', 'NAPROXENO TABLETAS 500 MG', 'INVIMA M-010156-R1', '2009-05-09', 'Vigente', 'CAJA POR 10 TABLETAS EN BLISTER DE PVC /ALUMI', '10', 'U', 'GENFAR S.A.'),
('31190-02', '31190', '', '', '0000-00-00', '', 'CAJA POR 20 TABLETAS EN BLISTER DE PVC /ALUMI', '20', 'U', ''),
('31190-03', '31190', '', '', '0000-00-00', '', 'CAJA POR 300 TABLETAS EN BLISTER DE PVC/ ALUM', '300', 'U', ''),
('31191-01', '31191', 'NAPROXENO CAPSULAS X 250 MG.', 'INVIMA M-010129-R1', '2009-06-01', 'Vigente', 'CAJA POR 10 CAPSULAS EN BLISTER DE PVC INCOLO', '10', 'U', 'GENFAR S.A.'),
('31191-02', '31191', '', '', '0000-00-00', '', 'CAJA POR 220 CAPSULAS EN BLISTER DE PVC INCOL', '220', 'U', ''),
('31404-08', '31404', 'ACEITE DE HIGADO DE BACALAO', 'INVIMA 2009 M-012785 R1', '2019-03-16', 'Vigente', 'CAJA DE CARTULINA POR 40 CAPSULAS BLISTER 10 ', '40', 'U', 'PROCAPS S.A.'),
('31404-09', '31404', '', '', '0000-00-00', '', 'CAJA DE CARTULINA POR 50 CAPSULAS BLISTER 10 ', '50', 'U', ''),
('31404-10', '31404', '', '', '0000-00-00', '', 'CAJA DE CARTULINA POR 60 CAPSULAS BLISTER 10 ', '60', 'U', ''),
('31404-12', '31404', '', '', '0000-00-00', '', 'CAJA DE CARTULINA POR 70 CAPSULAS BLISTER 10 ', '70', 'U', ''),
('31404-13', '31404', '', '', '0000-00-00', '', 'CAJA DE CARTULINA POR 80 CAPSULAS BLISTER 10 ', '80', 'U', ''),
('31404-14', '31404', '', '', '0000-00-00', '', 'CAJA DE CARTULINA POR 100 CAPSULAS BLISTER 10', '100', 'U', ''),
('31404-15', '31404', '', '', '0000-00-00', '', 'CAJA DE CARTULINA POR 120 CAPSULAS BLISTER 10', '120', 'U', ''),
('31404-16', '31404', '', '', '0000-00-00', '', 'CAJA DE CARTULINA POR 150 CAPSULAS BLISTER 10', '150', 'U', ''),
('31404-17', '31404', '', '', '0000-00-00', '', 'CAJA DE CARTULINA POR 30 CAPSULAS EN BLISTER ', '30', 'U', ''),
('31404-18', '31404', '', '', '0000-00-00', '', 'FRASCO PVC AMBAR POR 30 CAPSULAS', '30', 'U', ''),
('31408-01', '31408', 'VOLTAREN 75 MG AMPOLLAS /3 ML.', 'INVIMA M-001322 R1', '2009-03-16', 'En tramite renov', 'CAJA POR 5 AMPOLLAS DE VIDRIO INCOLORO TIPO I', '5', 'U', 'NOVARTIS BIOCIENCIAS S.A.'),
('31408-02', '31408', '', '', '0000-00-00', '', 'CAJA POR 6 AMPOLLAS DE VIDRIO INCOLORO TIPO I', '6', 'U', ''),
('31408-03', '31408', '', '', '0000-00-00', '', 'CAJA POR 10 AMPOLLAS DE VIDRIO INCOLORO TIPO ', '10', 'U', ''),
('31408-04', '31408', '', '', '0000-00-00', '', 'PRESENTACIÓN HOSPITALARIA POR 60 AMPOLLAS DE ', '60', 'U', ''),
('31408-05', '31408', '', '', '0000-00-00', '', 'PRESENTACIÓN HOSPITALARIA POR 100 AMPOLLAS DE', '100', 'U', ''),
('31462-01', '31462', 'DULCOLAX® 5MG GRAGEAS', 'INVIMA 2008  M- 001357 R3', '2018-06-19', 'Vigente', 'CAJA POR 10 GRAGEAS EN BLISTER PVC/ALUMINIO P', '10', 'U', 'BOEHRINGER INGELHEIM S. A.'),
('31462-02', '31462', '', '', '0000-00-00', '', 'CAJA POR 20 GRAGEAS EN BLISTER PVC/ALUMINIO P', '20', 'U', ''),
('31462-03', '31462', '', '', '0000-00-00', '', 'CAJA POR 30 GRAGEAS EN BLISTER PVC/ALUMINIO P', '30', 'U', ''),
('31462-04', '31462', '', '', '0000-00-00', '', 'CAJA POR 50 GRAGEAS EN BLISTER PVC/ALUMINIO P', '50', 'U', ''),
('31813-01', '31813', 'BINOTAL ® 500MG. COMPRIMIDOS AROMATIZADOS', 'INVIMA 2008 M-001183-R3', '2018-10-29', 'Vigente', 'MUESTRA MÉDICA CAJA DE CARTON  X 2 COMPRIMIDO', '2', 'U', 'BAYER DE MEXICO SA DE CV.'),
('31813-02', '31813', '', '', '0000-00-00', '', 'CAJA DE CARTON X 10 COMPRIMIDOS EN FOIL ALUMI', '10', 'U', ''),
('31813-03', '31813', '', '', '0000-00-00', '', 'CAJA DE CARTON X 12 COMPRIMIDOS EN FOIL ALUMI', '12', 'U', ''),
('31813-05', '31813', '', '', '0000-00-00', '', 'CAJA DE CARTON X 50 COMPRIMIDOS EN FOIL ALUMI', '50', 'U', ''),
('31836-01', '31836', 'SAL DE FRUTAS LUA', 'INVIMA 2008M-010211-R2', '2018-06-24', 'Vigente', 'DOS SOBRES DE ALUMINIO POLIPROPILENO POR 5G.', '2', 'U', 'TECNOFAR TQ S.A.'),
('31836-02', '31836', '', '', '0000-00-00', '', 'SOBRE ALUMINIO/POLIPROPILENO POR 5G, EN CAJA ', '3', 'U', 'TECNOQUIMICAS S.A.'),
('31836-03', '31836', '', '', '0000-00-00', '', 'SOBRE ALUMINIO/POLIPROPILENO POR 5G, EN CAJA ', '4', 'U', ''),
('31836-04', '31836', '', '', '0000-00-00', '', 'SOBRE ALUMINIO/POLIPROPILENO POR 5G, EN CAJA ', '6', 'U', ''),
('31836-05', '31836', '', '', '0000-00-00', '', 'SOBRE ALUMINIO/POLIPROPILENO POR 5G, EN CAJA ', '8', 'U', ''),
('31994-01', '31994', 'METRONIDAZOL  TABLETAS 250 MG.', 'INVIMA 2008 M-010297-R2', '2019-01-23', 'Vigente', 'BLISTER PVC/ALUMINIO POR 10 TABLETAS EN CAJA ', '250', 'U', 'LABORATORIOS ECAR S.A.'),
('31994-02', '31994', '', '', '0000-00-00', '', 'BLISTER PVC/ALUMINIO POR 10 TABLETAS EN CAJA ', '10', 'U', ''),
('31994-03', '31994', '', '', '0000-00-00', '', 'BLISTER PVC/ALUMINIO POR 10 TABLETAS EN CAJA ', '40', 'U', ''),
('32187-01', '32187', 'DOLEX NIÑOS 100 MG TABLETAS MASTICABLES', 'INVIMA M-011879-R1', '2010-06-13', 'Vigente', 'SOBRE POR 2 TABLETAS.', '2', 'U', 'GLAXOSMITHKLINE PANAMA S.A.'),
('32187-02', '32187', '', '', '0000-00-00', '', 'CAJA POR 20 TABLETAS EN TIRAS DE POLYPAPER PO', '20', 'U', ''),
('32187-03', '32187', '', '', '0000-00-00', '', 'CAJA POR 100 TABLETAS EN TIRAS DE POLYPAPER P', '100', 'U', ''),
('32187-04', '32187', '', '', '0000-00-00', '', 'CAJA POR 4 TABLETAS', '4', 'U', ''),
('32187-05', '32187', '', '', '0000-00-00', '', 'SOBRE POR 4 TABLETAS', '4', 'U', ''),
('32187-06', '32187', '', '', '0000-00-00', '', 'TIRA POLYPAPER POR 10 TABLETAS', '10', 'U', ''),
('32187-07', '32187', '', '', '0000-00-00', '', 'MUESTRA MEDICA: CAJA POR 4 TABLETAS', '4', 'U', ''),
('32221-01', '32221', 'MEBENDAZOL   100 MG / 5 ML', 'INVIMA 2008 M-010553 R2', '2018-11-07', 'Vigente', 'FRASCO DE POLIETILENO DE ALTA DENSIDAD POR 30', '30', 'ml', 'TECNOFAR TQ S.A.'),
('32249-01', '32249', 'ASPIRINA 500 MG TABLETA EFERVESCENTE', 'INVIMA 2008 M-001514 R3', '2018-09-02', 'Vigente', 'CAJA POR 12 TABLETAS EFERVESCENTES EN SOBRE L', '12', 'U', 'BAYER  S.A.'),
('32249-02', '32249', '', '', '0000-00-00', '', 'CAJA POR 14 TABLETAS EFERVESCENTES EN SOBRE L', '14', 'U', ''),
('32249-03', '32249', '', '', '0000-00-00', '', 'CAJA POR 50 TABLETAS EFERVESCENTES EN SOBRE L', '50', 'U', ''),
('32249-04', '32249', '', '', '0000-00-00', '', 'CAJA POR 56  TABLETAS EFERVESCENTES EN SOBRE ', '56', 'U', ''),
('32375-01', '32375', 'DICLOFENACO INYECTABLE 75 MG/3 ML', 'INVIMA 2009 M-010572-R-2', '2019-02-17', 'Vigente', 'CAJA DE CARTON CARTULINA POR 5 AMPOLLETAS DE ', '15', 'ml', 'VIDRIO TECNICO DE COLOMBIA S.A.( VITECO S.A)'),
('32375-02', '32375', '', '', '0000-00-00', '', '', '', '', 'GENFAR S.A.'),
('32377-01', '32377', 'KOLA GRANULADA JGB TARRITO ROJO', 'INVIMA M-001363-R2', '2008-12-20', 'En tramite renov', 'SACHETS EN LAMINADO PAPEL POUCH, ALUMINIO POL', '10', 'g', 'J.G.B. S.A.'),
('32377-02', '32377', '', '', '0000-00-00', '', 'SACHETS EN LAMINADO PAPEL POUCH, ALUMINIO POL', '25', 'g', ''),
('32377-03', '32377', '', '', '0000-00-00', '', 'SACHETS EN LAMINADO PAPEL POUCH, ALUMINIO POL', '30', 'g', ''),
('32377-04', '32377', '', '', '0000-00-00', '', 'SACHETS EN LAMINADO PAPEL POUCH, ALUMINIO POL', '50', 'g', ''),
('32377-05', '32377', '', '', '0000-00-00', '', 'TARRO DE POLIETILENO X 85 G EN EL SABOR DE VA', '85', 'g', ''),
('32377-06', '32377', '', '', '0000-00-00', '', 'TARRO DE POLIETILENO X 135 G EN EL SABOR DE V', '135', 'g', ''),
('32377-07', '32377', '', '', '0000-00-00', '', 'TARRO DE POLIETILENO X 330 G EN EL SABOR DE V', '330', 'g', ''),
('32377-08', '32377', '', '', '0000-00-00', '', 'TARRO DE POLIETILENO X 380 G EN EL SABOR DE V', '380', 'g', ''),
('32377-09', '32377', '', '', '0000-00-00', '', 'TARRO DE POLIETILENO X 1000 G EN EL SABOR DE ', '100', 'g', ''),
('32377-10', '32377', '', '', '0000-00-00', '', 'TARRO DE POLIETILENO X 85 G EN EL SABOR DE FR', '85', 'g', ''),
('33496-01', '33496', 'AMOXICILINA CAPSULAS 500 MG', 'INVIMA M-010611-R1', '2009-05-25', 'Vigente', 'CAJA X 320 CÁPSULAS (32 BLISTER DE ALIMUNIO/P', '320', 'U', 'MANUFACTURERA MUNDIAL FARMACEUTICA S.A.'),
('33496-02', '33496', '', '', '0000-00-00', '', 'CAJA DE CARTON CARTULINA POR 2 BLISTER DE ALU', '20', 'U', ''),
('33496-03', '33496', '', '', '0000-00-00', '', 'CAJA DE CARTON CARTULINA POR 5 BLISTER DE ALU', '50', 'U', ''),
('3521-01', '3521', 'ALERCET JARABE', 'INVIMA 2005M-002103-R1', '2015-06-30', 'Vigente', 'FRASCO DE VIDRIO AMBAR Y TAPA METALICA POR 30', '30', 'U', 'PROCAPS S.A.'),
('3521-02', '3521', '', '', '0000-00-00', '', 'FRASCO DE VIDRIO AMBAR Y TAPA METALICA POR 60', '60', 'U', ''),
('3749-01', '3749', 'CALMIDOL', 'INVIMA 2005M-002418-R1', '2015-07-26', 'Vigente', 'CAJA X 12 GRAGEAS EN BLISTER X 6 GRAGEAS CADA', '12', 'U', ''),
('4098-01', '4098', 'CEBION 500MG TABLETAS MASTICABLES', 'INVIMA 2005M- 0007923-R2', '2015-08-30', 'Vigente', 'CAJA DISPENSADORA POR 30 TABLETAS EN TIRAS DE', '30', 'U', 'MERCK S.A.'),
('4098-02', '4098', '', '', '0000-00-00', '', 'DISPLAY GANCHERA POR 40 TABLETAS MASTICABLES ', '40', 'U', ''),
('4098-03', '4098', '', '', '0000-00-00', '', 'CAJA DISPENSADORA POR 50 TABLETAS EN TIRAS DE', '50', 'U', ''),
('4098-04', '4098', '', '', '0000-00-00', '', 'CAJA DISPENSADORA POR 100 TABLETAS EN TIRAS D', '100', 'U', ''),
('4098-05', '4098', '', '', '0000-00-00', '', 'CAJA DISPENSADORA POR 200 TABLETAS EN TIRAS D', '200', 'U', ''),
('4098-06', '4098', '', '', '0000-00-00', '', 'CAJA DISPENSADORA POR 24 TABLETAS ENVASADAS E', '24', 'U', ''),
('4098-07', '4098', '', '', '0000-00-00', '', 'CAJA DISPENSADORA POR 144 TABLETAS ENVASADAS ', '144', 'U', ''),
('4098-08', '4098', '', '', '0000-00-00', '', 'CAJA DISPENSADORA POR 160 TABLETAS MASTICABLE', '160', 'U', ''),
('4098-09', '4098', '', '', '0000-00-00', '', 'PRESENTACIÓN MUESTRA MEDICA: FOIL POR 2 TABLE', '2', 'U', ''),
('4098-10', '4098', '', '', '0000-00-00', '', 'PRESENTACIÓN MUESTRA MEDICA: FOIL POR 4 TABLE', '4', 'U', ''),
('43696-01', '43696', 'CEFRADINA TABLETAS X 500 MG.', 'INVIMA 2006 M-004922 R1', '2016-07-28', 'Vigente', 'CAJA POR 24 TABLETAS EN  FOIL DE ALUMINIO', '24', 'U', 'SYNTOFARMA S.A.'),
('43696-02', '43696', '', '', '0000-00-00', '', 'CAJA POR 140 TABLETAS EN FOIL DE ALUMINIO', '140', 'U', 'GENFAR S.A'),
('43697-01', '43697', 'CEFRADINA 1 G TABLETAS', 'INVIMA 2007M-005415-R1', '2017-06-28', 'Vigente', 'CAJA POR 6 TABLETAS EN FOIL DE ALUMINIO.', '6', 'U', 'SYNTOFARMA S.A.'),
('43697-02', '43697', '', '', '0000-00-00', '', '', '', '', 'GENFAR S.A'),
('43726-01', '43726', 'CLOTRIMAZOL 1% CREMA VAGINAL', 'INVIMA 2005M-000273R1', '2015-03-23', 'Vigente', 'CAJA CON TUBO COLAPSIBLE DE ALUMINIO POR 40 G', '40', 'g', 'ARBOFARMA S.A.'),
('43727-01', '43727', 'CLOTRIMAZOL 1% CREMA TOPICA', 'INVIMA 2005M-002512 - R1', '2015-09-06', 'Vigente', 'CAJA CON UN TUBO COLAPSIBLE DE ALUMINIO X 40 ', '40', 'g', 'ARBOFARMA S.A.'),
('43727-02', '43727', '', '', '0000-00-00', '', '', '', '', 'LABORATORIOS FARPAG LTDA.'),
('43730-01', '43730', 'NAPROXENO SÓDICO 125MG/5ML SUSPENSIÓN PEDIÁTR', 'INVIMA 2002 M-012962-R1', '2012-02-21', 'Vigente', 'CAJAS CON FRASCO DE VIDRIO ÁMBAR CON 18,60 G ', '80', 'ml', 'TECNOQUIMICAS S.A.'),
('43730-02', '43730', '', '', '0000-00-00', '', 'CAJAS CON FRASCO DE VIDRIO ÁMBAR CON 13,95 G ', '60', 'ml', ''),
('43730-03', '43730', '', '', '0000-00-00', '', 'CAJAS CON FRASCO PEAD CON 18,60 G PARA RECONS', '80', 'ml', ''),
('43730-04', '43730', '', '', '0000-00-00', '', 'CAJAS CON FRASCO PEAD CON 13,95 G PARA RECONS', '60', 'ml', ''),
('43731-01', '43731', 'NAPROXENO SODICO  275 MG TABLETAS CUBIERTAS', 'INVIMA 2001M- 012687 R1', '2012-01-28', 'Vigente', 'CAJA PLAGADIZA POR 10 TABLETAS EN BLISTER PVC', '10', 'U', 'TECNOQUIMICAS S.A.'),
('43731-02', '43731', '', '', '0000-00-00', '', 'CAJA PLAGADIZA POR 20 TABLETAS EN BLISTER PVC', '20', 'U', ''),
('43731-03', '43731', '', '', '0000-00-00', '', 'CAJA PLAGADIZA POR 30 TABLETAS EN BLISTER PVC', '30', 'U', ''),
('43731-04', '43731', '', '', '0000-00-00', '', 'CAJA PLAGADIZA POR 40 TABLETAS EN BLISTER PVC', '40', 'U', ''),
('43731-05', '43731', '', '', '0000-00-00', '', 'CAJA PLAGADIZA POR 50 TABLETAS EN BLISTER PVC', '50', 'U', ''),
('43731-06', '43731', '', '', '0000-00-00', '', 'CAJA PLAGADIZA POR 60 TABLETAS EN BLISTER PVC', '60', 'U', ''),
('43731-07', '43731', '', '', '0000-00-00', '', 'CAJA PLAGADIZA POR 70 TABLETAS EN BLISTER PVC', '70', 'U', ''),
('43731-08', '43731', '', '', '0000-00-00', '', 'CAJA PLAGADIZA POR 80 TABLETAS EN BLISTER PVC', '80', 'U', ''),
('43774-01', '43774', 'AMPICILINA 500  MG INYECTABLE', 'INVIMA 2002 M-013116 - R1', '2012-02-08', 'Vigente', 'CAJA X 50 VIALES.', '25', 'g', 'VITROFARMA S.A.'),
('43774-02', '43774', '', '', '0000-00-00', '', 'MUESTRA MEDICA: CAJA X 1 VIAL', ',5', 'g', ''),
('43774-03', '43774', '', '', '0000-00-00', '', 'CAJA X 10 VIALES.', '5', 'g', ''),
('43775-01', '43775', 'AMPICILINA 1000 MG. TABLETAS', 'INVIMA 2002 M-012829 R1', '2012-03-18', 'Vigente', 'CAJA DE CARTON TIPO PVP IMPRESO POR 250 TABLE', '250', 'U', 'SYNTOFARMA S.A.'),
('43775-02', '43775', '', '', '0000-00-00', '', 'CAJA DE CARTON TIPO PVP IMPRESO POR 24 TABLET', '24', 'U', 'GENMED S.A'),
('43775-03', '43775', '', '', '0000-00-00', '', 'CAJA DE CARTON TIPO PVP IMPRESO POR 48 TABLET', '48', 'U', 'GENMED S.A.'),
('43775-04', '43775', '', '', '0000-00-00', '', 'CAJA DE CARTON TIPO PVP IMPRESO POR 50 TABLET', '50', 'U', ''),
('43776-01', '43776', 'AMPICILINA 1000 INYECTABLE.', 'INVIMA 2002 M-013114 R1', '2012-04-11', 'Vigente', 'CAJA POR 50 FRASCOS VIALES.', '50', 'U', 'VITROFARMA S.A.'),
('43776-02', '43776', '', '', '0000-00-00', '', 'MUESTRA MEDICA CAJA POR 1 FRASCO VIAL.', '1', 'U', ''),
('43776-03', '43776', '', '', '0000-00-00', '', 'CAJA POR 1 FRASCO VIAL', '1', 'U', ''),
('44020-01', '44020', 'CLOTRIMAZOL 200 MG TABLETAS', 'INVIMA 2002 M-012785 -R1', '2012-05-17', 'Vigente', 'CAJAS CON 10 TABLETAS EN TIRAS DE POLIETILENO', '10', 'U', 'COOPERATIVA DE TRABAJO ASOCIADO DE PRODUCCION, COMERCIALIZAC'),
('44020-02', '44020', '', '', '0000-00-00', '', 'CAJAS CON 3 TABLETAS EN TIRAS DE POLIETILENO-', '3', 'U', ''),
('44020-03', '44020', '', '', '0000-00-00', '', 'CAJAS CON 5 TABLETAS EN TIRAS DE POLIETILENO-', '5', 'U', ''),
('44061-01', '44061', 'CLOTRIMAZOL CREMA 1%', 'INVIMA 2002 M-012916-R1', '2012-03-18', 'Vigente', 'CAJA CON TUBO COLAPSIBLE DE ALUMINIO POR 60G.', '60', 'g', 'LABORATORIOS CALIFORNIA S.A.'),
('44061-02', '44061', '', '', '0000-00-00', '', 'MUESTRA MEDICA: CAJA CON TUBO COLAPSIBLE DE A', '10', 'g', ''),
('44061-03', '44061', '', '', '0000-00-00', '', 'CAJA CON TUBO COLAPSIBLE DE ALUMINIO POR 20G.', '20', 'g', ''),
('44061-04', '44061', '', '', '0000-00-00', '', 'CAJA CON TUBO COLAPSIBLE DE ALUMINIO POR 40G.', '40', 'g', ''),
('44061-05', '44061', '', '', '0000-00-00', '', 'CAJA CON TUBO COLAPSIBLE DE POLIETILENO LAMIN', '10', 'g', ''),
('44061-06', '44061', '', '', '0000-00-00', '', 'CAJA CON TUBO COLAPSIBLE DE POLIETILENO LAMIN', '20', 'g', ''),
('44061-07', '44061', '', '', '0000-00-00', '', 'CAJA CON TUBO COLAPSIBLE DE POLIETILENO LAMIN', '40', 'g', ''),
('44061-10', '44061', '', '', '0000-00-00', '', ' MUESTRA MEDICA:CAJA CON TUBO COLAPSIBLE DE P', '10', 'g', ''),
('44062-01', '44062', 'CLOTRIMAZOL 100 MG TABLETA VAGINAL', 'INVIMA 2005M-003025 - R1', '2015-09-22', 'Vigente', 'CJA X 200 TABLETAS EN ALUFOIL/ALUMINIO/POLIET', '200', 'U', 'LABORATORIOS CALIFORNIA S.A.'),
('44062-02', '44062', '', '', '0000-00-00', '', 'MUESTRA MEDICA: CAJA X 6 TABLETAS EN ALUFOIL/', '6', 'U', ''),
('44062-03', '44062', '', '', '0000-00-00', '', 'CJA X 6 TABLETAS EN ALUFOIL/ALUMINIO/POLIETIL', '6', 'U', ''),
('44063-01', '44063', 'CLOTRIMAZOL SOLUCION TOPICA', 'INVIMA 2002 M-013353 R-1', '2012-08-29', 'Vigente', 'FRASCO VIDRIO AMBAR DE 60 ML.', '60', 'ml', 'LABORATORIOS CALIFORNIA S.A.'),
('44063-02', '44063', '', '', '0000-00-00', '', 'MUESTRA MEDICA FRASCO X 30 ML', '30', 'ml', ''),
('44063-03', '44063', '', '', '0000-00-00', '', 'FRASCO PET AMBAR DE 30 ML.', '30', 'ml', ''),
('44063-04', '44063', '', '', '0000-00-00', '', 'FRASCO PET AMBAR DE 60 ML.', '60', 'ml', ''),
('44063-05', '44063', '', '', '0000-00-00', '', 'FRASCO VIDRIO AMBAR DE 30 ML.', '30', 'ml', ''),
('44193-01', '44193', 'ACIDO RETINOICO AL 0.05%', 'INVIMA M-010884', '2012-02-25', 'Vigente', 'TUBO POR 30 G.', '30', 'U', 'GALEZ PRODUCCION LTDA'),
('44193-02', '44193', '', '', '0000-00-00', '', 'TUBO POR 15 G.', '15', 'U', ''),
('44194-01', '44194', 'CLOTRIMAZOL', 'INVIMA M-010683', '2012-02-25', 'Vigente', 'CAJA POR 6 TABLETAS EN SOBRE, + APLICADOR.', '6', 'U', 'GALEZ PRODUCCION LTDA'),
('44237-01', '44237', 'ACETAMINOFEN JARABE', 'INVIMA M-000725-r1', '2015-06-01', 'Vigente', 'FRASCO DE POLIETILENTERFTALATO (PET) POR 120 ', '120', 'ml', 'BIOCHEM FARMACEUTICA DE COLOMBIA  S.A.'),
('44237-02', '44237', '', '', '0000-00-00', '', 'FRASCO DE VIDRIO POR 60 ML', '60', 'ml', ''),
('44237-03', '44237', '', '', '0000-00-00', '', 'FRASCO DE VIDRIO POR 90 ML', '90', 'ml', ''),
('44237-04', '44237', '', '', '0000-00-00', '', 'FRASCO DE VIDRIO POR 120 ML', '120', 'ml', ''),
('44250-01', '44250', 'AMOXICILINA 500 MG CAPSULAS', 'INVIMA M-13667', '2010-07-05', 'Vigente', 'CAJA POR 48 CAPSULAS, EN BLISTER PACK', '48', 'U', 'GONHER FARMACEUTICA LTDA.'),
('44250-02', '44250', '', '', '0000-00-00', '', 'CAJA POR 24 CAPSULAS, EN BLISTER PACK', '24', 'U', 'GENMED S.A.'),
('44250-03', '44250', '', '', '0000-00-00', '', '', '', '', 'SYNTOFARMA S.A.'),
('44275-01', '44275', 'AMPICILINA 500 MG INYECTABLE', 'M-010131', '2012-02-25', 'Vigente', 'CAJA POR 50 AMPOLLAS.', '50', 'U', 'VITROFARMA S.A.'),
('44275-02', '44275', '', '', '0000-00-00', '', 'CAJA POR 10 AMPOLLAS.', '10', 'U', ''),
('6327-01', '6327', 'AMBROXOL 30 MG / 5ML', 'INVIMA 2007M-005295 R1', '2017-04-27', 'Vigente', 'FRASCO POR 120', '120', 'ml', 'PROCAPS S.A.'),
('6328-01', '6328', 'AMBROXOL 15 MG / 5 ML', 'INVIMA 2006 M-005048 R1', '2016-07-31', 'Vigente', 'FRASCO POR 120 ML.', '120', 'ml', 'PROCAPS S.A.'),
('7038-01', '7038', 'AGRIPPAL S1', 'INVIMA 2005M- 001894 R1', '2015-07-21', 'Vigente', 'CAJA DE CARTÓN CON BLISTER DE PVC O PET CON U', '1', 'U', 'NOVARTIS VACCINES AND DIAGNOSTICS S.R.L'),
('7614-01', '7614', 'CLOTRIMAZOL CREMA GENERICO', 'INVIMA 2005 M-002609-R1', '2015-12-19', 'Vigente', 'TUBO COLAPSIBLE POR 15 GRAMOS', '15', 'g', 'LABORATORIOS AMERICA S.A.'),
('7614-02', '7614', '', '', '0000-00-00', '', 'TUBO COLAPSIBLE POR 20 GRAMOS', '20', 'g', ''),
('7614-03', '7614', '', '', '0000-00-00', '', 'TUBO COLAPSIBLE POR 30 GRAMOS', '30', 'g', ''),
('7614-04', '7614', '', '', '0000-00-00', '', 'TUBO COLAPSIBLE POR 40 GRAMOS', '40', 'g', ''),
('9455-01', '9455', 'KETOCONAZOL SUSPENSION  2 G/ 100 ML', 'INVIMA 2005M-002328R1', '2015-09-02', 'Vigente', 'FRASCO EN PEAD BLANCO POR 30 ML.', '30', 'U', 'LABORATORIOS AMERICA S.A.'),
('9811-01', '9811', 'IBUPROFENO 200 MG', 'INVIMA 2006M-003807 -R1', '2016-05-02', 'Vigente', 'CAJA POR 10  TABLETAS, EN BLISTER PVC / ALUMI', '10', 'U', 'LABORATORIOS CALIFORNIA S.A.'),
('9811-02', '9811', '', '', '0000-00-00', '', 'CAJA POR 12  TABLETAS, EN BLISTER PVC / ALUMI', '12', 'U', ''),
('9811-03', '9811', '', '', '0000-00-00', '', 'CAJA POR 20  TABLETAS, EN BLISTER PVC / ALUMI', '20', 'U', ''),
('9811-04', '9811', '', '', '0000-00-00', '', 'CAJA POR 24 TABLETAS, EN BLISTER PVC / ALUMIN', '24', 'U', ''),
('9811-05', '9811', '', '', '0000-00-00', '', 'CAJA POR 30  TABLETAS, EN BLISTER PVC / ALUMI', '30', 'U', ''),
('9811-06', '9811', '', '', '0000-00-00', '', 'CAJA POR 50  TABLETAS, EN BLISTER PVC / ALUMI', '50', 'U', ''),
('9811-07', '9811', '', '', '0000-00-00', '', 'CAJA POR 60  TABLETAS, EN BLISTER PVC / ALUMI', '60', 'U', ''),
('9811-08', '9811', '', '', '0000-00-00', '', 'CAJA POR 100  TABLETAS, EN BLISTER PVC / ALUM', '100', 'U', ''),
('9811-09', '9811', '', '', '0000-00-00', '', 'CAJA POR 200  TABLETAS, EN BLISTER PVC / ALUM', '200', 'U', ''),
('9811-10', '9811', '', '', '0000-00-00', '', 'CAJA POR 250  TABLETAS, EN BLISTER PVC / ALUM', '250', 'U', ''),
('9812-01', '9812', 'METOCARBAMOL TABLETAS 750MG', 'INVIMA 2005 M-002325 R1', '2015-09-22', 'Vigente', 'MUESTRA MÉDICA: CAJA POR 6 TABLETAS EN BLISTE', '6', 'U', 'LABORATORIOS CALIFORNIA S.A.'),
('9812-02', '9812', '', '', '0000-00-00', '', 'MUESTRA MÉDICA: CAJA POR 10 TABLETAS EN BLIST', '10', 'U', ''),
('9812-03', '9812', '', '', '0000-00-00', '', 'CAJA POR 10 TABLETAS EN ENVASE BLISTER ALUMIN', '10', 'U', ''),
('9812-04', '9812', '', '', '0000-00-00', '', 'CAJA POR 20 TABLETAS EN ENVASE BLISTER ALUMIN', '20', 'U', ''),
('9812-05', '9812', '', '', '0000-00-00', '', 'CAJA POR 30 TABLETAS EN ENVASE BLISTER ALUMIN', '30', 'U', ''),
('9812-06', '9812', '', '', '0000-00-00', '', 'CAJA POR 50 TABLETAS EN ENVASE BLISTER ALUMIN', '50', 'U', ''),
('9812-07', '9812', '', '', '0000-00-00', '', 'CAJA POR 60 TABLETAS EN ENVASE BLISTER ALUMIN', '60', 'U', ''),
('9812-08', '9812', '', '', '0000-00-00', '', 'CAJA POR 100 TABLETAS EN ENVASE BLISTER ALUMI', '100', 'U', ''),
('9812-09', '9812', '', '', '0000-00-00', '', 'CAJA POR 200 TABLETAS EN ENVASE BLISTER ALUMI', '200', 'U', ''),
('9812-10', '9812', '', '', '0000-00-00', '', 'CAJA POR 250 TABLETAS EN ENVASE BLISTER ALUMI', '250', 'U', ''),
('9855-01', '9855', 'LORATADINA TABLETAS 10 MG', 'INVIMA 2005 M-002539 R-1', '2015-10-31', 'Vigente', 'CAJA PLEGADIZA POR 10 TABLETAS', '10', 'U', 'COLOMPACK S.A.'),
('9855-02', '9855', '', '', '0000-00-00', '', 'CAJA PLEGADIZA POR 20 TABLETAS', '20', 'U', ''),
('9855-03', '9855', '', '', '0000-00-00', '', 'CAJA PLEGADIZA POR 30 TABLETAS', '30', 'U', ''),
('9855-04', '9855', '', '', '0000-00-00', '', 'CAJA PLEGADIZA POR 50 TABLETAS', '50', 'U', ''),
('9855-05', '9855', '', '', '0000-00-00', '', 'CAJA PLEGADIZA POR 100 TABLETAS', '100', 'U', ''),
('9855-06', '9855', '', '', '0000-00-00', '', 'CAJA PLEGADIZA POR 200 TABLETAS', '200', 'U', ''),
('9855-07', '9855', '', '', '0000-00-00', '', 'CAJA PLEGADIZA POR 300 TABLETAS', '300', 'U', '');

-- --------------------------------------------------------

--
-- Estructura de tabla para la tabla `departamentos`
--

CREATE TABLE IF NOT EXISTS `departamentos` (
  `CodDepart` varchar(3) NOT NULL,
  `Nombre` varchar(45) NOT NULL,
  PRIMARY KEY (`CodDepart`)
) ENGINE=InnoDB DEFAULT CHARSET=latin1;

--
-- Volcado de datos para la tabla `departamentos`
--

INSERT INTO `departamentos` (`CodDepart`, `Nombre`) VALUES
('001', 'Cesar'),
('002', 'Cundinamarca'),
('003', 'Atlantico'),
('004', 'Bolivar');

-- --------------------------------------------------------

--
-- Estructura de tabla para la tabla `detallediagnostico`
--

CREATE TABLE IF NOT EXISTS `detallediagnostico` (
  `idDiagn` varchar(45) NOT NULL,
  `Nhistoria` varchar(16) NOT NULL,
  `CedPac` varchar(12) NOT NULL,
  `CedMed` varchar(12) NOT NULL,
  `Fecha` datetime NOT NULL,
  `Cap` varchar(4) NOT NULL,
  `CodDiag` varchar(4) NOT NULL,
  `NombreDiag` varchar(255) NOT NULL,
  `Observ` varchar(255) DEFAULT NULL,
  PRIMARY KEY (`idDiagn`),
  KEY `Nhis_Fk_idx` (`Nhistoria`),
  KEY `sub_enf_fk_idx` (`CodDiag`)
) ENGINE=InnoDB DEFAULT CHARSET=latin1;

-- --------------------------------------------------------

--
-- Estructura de tabla para la tabla `enfermedades`
--

CREATE TABLE IF NOT EXISTS `enfermedades` (
  `Capitulo` varchar(3) NOT NULL,
  `Descripcion` varchar(130) NOT NULL,
  `Codigos` varchar(7) NOT NULL,
  PRIMARY KEY (`Capitulo`)
) ENGINE=InnoDB DEFAULT CHARSET=latin1;

--
-- Volcado de datos para la tabla `enfermedades`
--

INSERT INTO `enfermedades` (`Capitulo`, `Descripcion`, `Codigos`) VALUES
('C01', ' ENFERMEDADES INFECCIOSAS Y PARASITARIAS', 'A00-B99'),
('C02', 'TUMORES ', 'C00-D48'),
('C03', 'ENFERMEDADES DE LA SANGRE Y DE LOS ORGANOS HEMATOPOYETICOS, Y CIERTOS TRASTORNOS QUE AFECTAN EL MECANISMO DE LA INMUNIDAD ', 'D50-D89'),
('C04', 'ENFERMEDADES ENDOCRINAS, NUTRICIONALES Y METABOLICAS', 'E00-E90'),
('C05', 'TRASTORNOS MENTALES Y DEL COMPORTAMIENTO', 'F00-F99'),
('C06', 'ENFERMEDADES DEL SISTEMA NERVIOSO', 'G00-G99'),
('C07', 'ENFERMEDADES DEL OJO Y SUS ANEXOS', 'H00-H59'),
('C08', 'ENFERMEDADES DEL OIDO Y DE LA APOFISIS MASTOIDES', 'H60-H95'),
('C09', 'ENFERMEDADES DEL SISTEMA CIRCULATORIO', 'I00-I99'),
('C10', 'ENFERMEDADES DEL SISTEMA RESPIRATORIO', 'J00-J99'),
('C11', 'ENFERMEDADES DEL SISTEMA DIGESTIVO', 'K00-K93'),
('C12', 'ENFERMEDADES DE LA PIEL Y DEL TEJIDO SUBCUTANEO', 'L00-L99');

-- --------------------------------------------------------

--
-- Estructura de tabla para la tabla `formula`
--

CREATE TABLE IF NOT EXISTS `formula` (
  `idFormula` varchar(12) NOT NULL,
  `CedPac` varchar(12) NOT NULL,
  `CedMed` varchar(12) NOT NULL,
  `fecha` datetime NOT NULL,
  `CodMedicam` varchar(20) NOT NULL,
  `NombMed` varchar(255) NOT NULL,
  `Desc` varchar(45) DEFAULT NULL,
  `Cantidad` int(11) NOT NULL,
  `Dosis` varchar(45) NOT NULL,
  `Duracion` int(11) NOT NULL,
  PRIMARY KEY (`idFormula`),
  KEY `id_Medicamento_idx` (`CodMedicam`)
) ENGINE=InnoDB DEFAULT CHARSET=latin1;

-- --------------------------------------------------------

--
-- Estructura de tabla para la tabla `gruposenfermedades`
--

CREATE TABLE IF NOT EXISTS `gruposenfermedades` (
  `IdGrupo` int(4) NOT NULL AUTO_INCREMENT,
  `Capitulo` varchar(3) NOT NULL,
  `Descripcion` varchar(165) NOT NULL,
  `Codigos` varchar(7) NOT NULL,
  PRIMARY KEY (`IdGrupo`),
  KEY `Capitulo_FK_idx` (`Capitulo`)
) ENGINE=InnoDB  DEFAULT CHARSET=latin1 AUTO_INCREMENT=23 ;

--
-- Volcado de datos para la tabla `gruposenfermedades`
--

INSERT INTO `gruposenfermedades` (`IdGrupo`, `Capitulo`, `Descripcion`, `Codigos`) VALUES
(1, 'C01', 'ENFERMEDADES INFECCIOSAS INTESTINALES', 'A00-A09'),
(2, 'C01', 'TUBERCULOSIS', 'A15-A19'),
(3, 'C01', 'CIERTAS ZOONOSIS BACTERIANAS', 'A20-A28'),
(4, 'C01', 'OTRAS ENFERMEDADES BACTERIANAS', 'A30-A49'),
(5, 'C01', 'INFECCIONES CON MODO DE TRANSMISIÓN PREDOMINANTEMENTE SEXUAL', 'A50-A64'),
(6, 'C01', 'OTRAS ENFERMEDADES DEBIDAS A ESPIROQUETAS', 'A65-A69'),
(7, 'C01', 'OTRAS ENFERMEDADES CAUSADAS POR CLAMIDIAS', 'A70-A74'),
(8, 'C01', 'RICKETTSIOSIS', 'A75-A79'),
(9, 'C01', 'INFECCIONES VIRALES DEL SISTEMA NERVIOSO CENTRAL', 'A80-A89'),
(10, 'C01', 'FIEBRES VIRALES TRANSMITIDAS POR ARTROPODOS Y FIEBRES VIRALES HEMORRAGICAS', 'A90-A99'),
(11, 'C01', 'INFECCIONES VIRALES CARACTERIZADAS POR LESIONES DE LA PIEL Y DE LAS MEMBRANAS MUCOSAS', 'B00-B09'),
(12, 'C01', 'HEPATITIS VIRAL ', 'B15-B19'),
(13, 'C01', 'ENFERMEDAD POR VIRUS DE LA INMUNODEFICIENCIA HUMANA (VIH)', 'B20-B24'),
(14, 'C01', 'OTRAS ENFERMEDADES VIRALES', 'B25-B34'),
(15, 'C01', 'MICOSIS', 'B35-B49'),
(16, 'C01', 'ENFERMEDADES DEBIDAS A PROTOZOARIOS', 'B50-B64'),
(17, 'C01', 'HELMINTIASIS', 'B65-B83'),
(18, 'C01', 'PEDICULOSIS, ACARIASIS Y OTRAS INFESTACIONES', 'B85-B89'),
(19, 'C01', 'SECUELAS DE ENFERMEDADES INFECCIOSAS  Y PARASITARIAS', 'B90-B94'),
(20, 'C01', 'BACTERIAS, VIRUS Y OTROS AGENTES INFECCIOSOS', 'B95-B97'),
(21, 'C01', 'OTRAS ENFERMEDADES INFECCIOSAS', 'B99'),
(22, 'C02', 'TUMORES MALIGNOS DEL LABIO DE LA CAVIDAD BUCAL Y DE FARINGE', 'C00-C14');

-- --------------------------------------------------------

--
-- Estructura de tabla para la tabla `historiasclinicas`
--

CREATE TABLE IF NOT EXISTS `historiasclinicas` (
  `idHistoria` varchar(16) NOT NULL,
  `IdPaciente` varchar(12) NOT NULL,
  `IdMedico` varchar(12) NOT NULL,
  `FecAtencion` date NOT NULL,
  `Observaciones` varchar(255) DEFAULT NULL,
  `AntPerson` varchar(255) DEFAULT NULL,
  `AntFamilia` varchar(255) DEFAULT NULL,
  `Edad` int(11) NOT NULL,
  `Peso` varchar(5) NOT NULL,
  `Talla` varchar(5) NOT NULL,
  `PreSis` varchar(45) DEFAULT NULL,
  `PreDias` varchar(45) DEFAULT NULL,
  PRIMARY KEY (`idHistoria`)
) ENGINE=InnoDB DEFAULT CHARSET=latin1;

-- --------------------------------------------------------

--
-- Estructura de tabla para la tabla `horario`
--

CREATE TABLE IF NOT EXISTS `horario` (
  `HoraInicio` time NOT NULL,
  `HoraFinal` time NOT NULL
) ENGINE=InnoDB DEFAULT CHARSET=latin1;

-- --------------------------------------------------------

--
-- Estructura de tabla para la tabla `municipios`
--

CREATE TABLE IF NOT EXISTS `municipios` (
  `idMuni` varchar(4) NOT NULL,
  `Nombre` varchar(45) NOT NULL,
  `CodDepart` varchar(3) NOT NULL,
  PRIMARY KEY (`idMuni`),
  KEY `departa_FK_idx` (`CodDepart`)
) ENGINE=InnoDB DEFAULT CHARSET=latin1;

--
-- Volcado de datos para la tabla `municipios`
--

INSERT INTO `municipios` (`idMuni`, `Nombre`, `CodDepart`) VALUES
('0001', 'AGUACHICA', '001'),
('0002', 'VALLEDUPAR', '001'),
('0003', 'BECERRIL', '001'),
('0004', 'TAMALAMEQUE', '001'),
('0005', 'BOSCONIA', '001'),
('0006', 'EL PASO', '001'),
('0007', 'LA GLORIA', '001'),
('0008', 'ASTREA', '001'),
('0009', 'LA PAZ', '001'),
('0010', 'EL COPEY', '001'),
('0011', 'SANTA FE DE BOGOTA', '002'),
('0012', 'CAJICA', '002'),
('0013', 'CHIA', '002'),
('0014', 'FACATATIVA', '002'),
('0015', 'GIRARDOT', '002'),
('0016', 'FUSAGASUGA', '002'),
('0017', 'MADRID', '002'),
('0018', 'SOACHA', '002'),
('0019', 'UBATE', '002'),
('0020', 'GUADUAS', '002'),
('0021', 'BARRANQUILLA', '003'),
('0022', 'SOLEDAD', '003'),
('0023', 'SABANAGRANDE', '003'),
('0024', 'SANTA LUCIA', '003'),
('0025', 'MALAMBO', '003'),
('0026', 'CAMPO DE LA CRUZ', '003'),
('0027', 'PALO NUEVO', '003'),
('0028', 'SANTO TOMAS', '003'),
('0029', 'BARANOA', '003'),
('0030', 'LURUACO', '003'),
('0031', 'CARTAGENA', '004'),
('0032', 'CORDOBA', '004'),
('0033', 'CARMEN DE BOLIVAR', '004'),
('0034', 'MOMPOX', '004'),
('0035', 'MONTE CRISTO', '004'),
('0036', 'TURBACO', '004'),
('0037', 'SANTA CATALINA', '004'),
('0038', 'MARGARITA', '004'),
('0039', 'MAHATES', '004'),
('0040', 'EL GUAMO', '004');

-- --------------------------------------------------------

--
-- Estructura de tabla para la tabla `nivel`
--

CREATE TABLE IF NOT EXISTS `nivel` (
  `idNivel` varchar(2) NOT NULL,
  `Nivel` varchar(45) NOT NULL,
  PRIMARY KEY (`idNivel`)
) ENGINE=InnoDB DEFAULT CHARSET=latin1;

--
-- Volcado de datos para la tabla `nivel`
--

INSERT INTO `nivel` (`idNivel`, `Nivel`) VALUES
('01', 'ADMINISTRADOR'),
('02', 'MEDICO'),
('03', 'SECRETARIO'),
('04', 'PACIENTE');

-- --------------------------------------------------------

--
-- Estructura de tabla para la tabla `persona`
--

CREATE TABLE IF NOT EXISTS `persona` (
  `Nafilia` varchar(10) NOT NULL,
  `FecAfilia` date NOT NULL,
  `TipoDoc` varchar(3) NOT NULL,
  `Identificacion` varchar(12) NOT NULL DEFAULT '',
  `Nombre` varchar(35) NOT NULL,
  `Apellidos` varchar(35) NOT NULL,
  `FecNac` date NOT NULL,
  `sexo` varchar(10) NOT NULL,
  `EstaCivil` varchar(20) NOT NULL,
  `Municipio` varchar(4) NOT NULL,
  `Barrio` varchar(45) NOT NULL,
  `Direccion` varchar(45) NOT NULL,
  `Telefono` varchar(15) NOT NULL,
  `Email` varchar(45) NOT NULL,
  `Estrato` varchar(2) NOT NULL,
  `Estado` varchar(15) NOT NULL,
  `Clave` varchar(50) NOT NULL,
  `Nivel` varchar(2) NOT NULL,
  PRIMARY KEY (`Identificacion`),
  KEY `nivel_Fk_idx` (`Nivel`),
  KEY `doc_Fk_idx` (`TipoDoc`),
  KEY `muni_Fk_idx` (`Municipio`)
) ENGINE=InnoDB DEFAULT CHARSET=latin1;

-- --------------------------------------------------------

--
-- Estructura de tabla para la tabla `personalcontratado`
--

CREATE TABLE IF NOT EXISTS `personalcontratado` (
  `Identificacion` varchar(12) NOT NULL,
  `TarjetaProf` varchar(12) DEFAULT NULL,
  `Especialidad` varchar(45) NOT NULL,
  PRIMARY KEY (`Identificacion`),
  KEY `id_Fk_idx` (`Identificacion`)
) ENGINE=InnoDB DEFAULT CHARSET=latin1;

-- --------------------------------------------------------

--
-- Estructura de tabla para la tabla `subgrupoenfermedades`
--

CREATE TABLE IF NOT EXISTS `subgrupoenfermedades` (
  `Codigo` varchar(4) NOT NULL,
  `Descripcion` varchar(255) NOT NULL,
  `GrupoMortalidad` varchar(3) NOT NULL,
  `Capitulo` varchar(3) NOT NULL,
  `IdSubgrupo` int(4) NOT NULL,
  PRIMARY KEY (`Codigo`),
  KEY `SubGrupo_FK_idx` (`IdSubgrupo`)
) ENGINE=InnoDB DEFAULT CHARSET=latin1;

--
-- Volcado de datos para la tabla `subgrupoenfermedades`
--

INSERT INTO `subgrupoenfermedades` (`Codigo`, `Descripcion`, `GrupoMortalidad`, `Capitulo`, `IdSubgrupo`) VALUES
('A000', 'DESCRIPCION COLERA DEBIDO A VIBRIO CHOLERAE O1, BIOTIPO CHOLERAE', '1', 'C01', 1),
('A001', 'COLERA DEBIDO A VIBRIO CHOLERAE O1, BIOTIPO EL TOR', '1', 'C01', 1),
('A009', 'COLERA NO ESPECIFICADO', '1', 'C01', 1),
('A010', 'FIEBRE TIFOIDEA', '1', 'C01', 1),
('A011', 'FIEBRE PARATIFOIDEA A', '1', 'C01', 1),
('A012', 'FIEBRE PARATIFOIDEA B', '1', 'C01', 1),
('A013', 'FIEBRE PARATIFOIDEA C', '1', 'C01', 1),
('A014', 'FIEBRE PARATIFOIDEA, NO ESPECIFICADA', '1', 'C01', 1),
('A020', 'ENTERITIS DEBIDA A SALMONELLA', '1', 'C01', 1),
('A021', 'SEPTICEMIA DEBIDA A SALMONELLA', '1', 'C01', 1),
('A022', 'INFECCIONES LOCALIZADAS DEBIDA A SALMONELLA', '1', 'C01', 1),
('A039', 'SHIGELOSIS DE TIPO NO ESPECIFICADO', '1', 'C01', 1),
('A040', 'INFECCION DEBIDA A ESCHERICHIA COLI ENTEROPATOGENA', '1', 'C01', 1),
('A041', 'INFECCION DEBIDA A ESCHERICHIA COLI ENTEROTOXIGENA', '1', 'C01', 1),
('A042', 'INFECCION DEBIDA A ESCHERICHIA COLI ENTEROINVASIVA', '1', 'C01', 1),
('A043', 'INFECCION DEBIDA A ESCHERICHIA COLI ENTEROHEMORRAGICA', '1', 'C01', 1),
('A044', 'OTRAS INFECCIONES INTESTINALES DEBIDAS A ESCHERICHIA COLI', '1', 'C01', 1),
('A045', 'ENTERITIS DEBIDA A CAMPYLOBACTER', '1', 'C01', 1),
('A046', 'ENTERITIS DEBIDA A YERSINIA ENTEROCOLITICA', '1', 'C01', 1),
('A047', 'ENTEROCOLITIS DEBIDA A CLOSTRIDIUM DIFFICILE', '1', 'C01', 1);

-- --------------------------------------------------------

--
-- Estructura de tabla para la tabla `tipoafiliado`
--

CREATE TABLE IF NOT EXISTS `tipoafiliado` (
  `Codigo` varchar(3) NOT NULL,
  `Descripcion` varchar(35) NOT NULL,
  PRIMARY KEY (`Codigo`)
) ENGINE=InnoDB DEFAULT CHARSET=latin1;

-- --------------------------------------------------------

--
-- Estructura de tabla para la tabla `tipodocumento`
--

CREATE TABLE IF NOT EXISTS `tipodocumento` (
  `idTipoDoc` varchar(3) NOT NULL,
  `Descripcion` varchar(35) NOT NULL,
  PRIMARY KEY (`idTipoDoc`)
) ENGINE=InnoDB DEFAULT CHARSET=latin1;

--
-- Volcado de datos para la tabla `tipodocumento`
--

INSERT INTO `tipodocumento` (`idTipoDoc`, `Descripcion`) VALUES
('C.C', 'CEDULA DE CIUDADANIA'),
('N.N', 'OTRO'),
('P.S', 'PASAPORTE'),
('R.C', 'REGISTRO CIVIL'),
('T.I', 'TARJETA DE INDENTIDAD');

--
-- Restricciones para tablas volcadas
--

--
-- Filtros para la tabla `afiliados`
--
ALTER TABLE `afiliados`
  ADD CONSTRAINT `Tipo_Afil` FOREIGN KEY (`TipoAfilia`) REFERENCES `tipoafiliado` (`Codigo`) ON DELETE NO ACTION ON UPDATE NO ACTION,
  ADD CONSTRAINT `id_fk` FOREIGN KEY (`Identificacion`) REFERENCES `persona` (`Identificacion`) ON DELETE NO ACTION ON UPDATE NO ACTION;

--
-- Filtros para la tabla `atencionmedica`
--
ALTER TABLE `atencionmedica`
  ADD CONSTRAINT `idcita_Fk` FOREIGN KEY (`NRegistro`) REFERENCES `citas` (`idCitas`) ON DELETE NO ACTION ON UPDATE NO ACTION;

--
-- Filtros para la tabla `citas`
--
ALTER TABLE `citas`
  ADD CONSTRAINT `idpac_Fk` FOREIGN KEY (`idPaciente`) REFERENCES `afiliados` (`Identificacion`) ON DELETE NO ACTION ON UPDATE NO ACTION,
  ADD CONSTRAINT `idMed_fk` FOREIGN KEY (`idMedico`) REFERENCES `personalcontratado` (`Identificacion`) ON DELETE NO ACTION ON UPDATE NO ACTION;

--
-- Filtros para la tabla `detallediagnostico`
--
ALTER TABLE `detallediagnostico`
  ADD CONSTRAINT `Nhis_Fk` FOREIGN KEY (`Nhistoria`) REFERENCES `historiasclinicas` (`idHistoria`) ON DELETE NO ACTION ON UPDATE NO ACTION,
  ADD CONSTRAINT `sub_enf_fk` FOREIGN KEY (`CodDiag`) REFERENCES `subgrupoenfermedades` (`Codigo`) ON DELETE NO ACTION ON UPDATE NO ACTION;

--
-- Filtros para la tabla `formula`
--
ALTER TABLE `formula`
  ADD CONSTRAINT `id_Medicamento` FOREIGN KEY (`CodMedicam`) REFERENCES `cum` (`idCUM`) ON DELETE NO ACTION ON UPDATE NO ACTION;

--
-- Filtros para la tabla `gruposenfermedades`
--
ALTER TABLE `gruposenfermedades`
  ADD CONSTRAINT `Capitulo_FK` FOREIGN KEY (`Capitulo`) REFERENCES `enfermedades` (`Capitulo`) ON DELETE NO ACTION ON UPDATE NO ACTION;

--
-- Filtros para la tabla `municipios`
--
ALTER TABLE `municipios`
  ADD CONSTRAINT `departa_FK` FOREIGN KEY (`CodDepart`) REFERENCES `departamentos` (`CodDepart`) ON DELETE NO ACTION ON UPDATE NO ACTION;

--
-- Filtros para la tabla `persona`
--
ALTER TABLE `persona`
  ADD CONSTRAINT `nivela_Fk` FOREIGN KEY (`Nivel`) REFERENCES `nivel` (`idNivel`) ON DELETE NO ACTION ON UPDATE NO ACTION,
  ADD CONSTRAINT `munic_Fk` FOREIGN KEY (`Municipio`) REFERENCES `municipios` (`idMuni`) ON DELETE NO ACTION ON UPDATE NO ACTION,
  ADD CONSTRAINT `tidoc_Fk` FOREIGN KEY (`TipoDoc`) REFERENCES `tipodocumento` (`idTipoDoc`) ON DELETE NO ACTION ON UPDATE NO ACTION;

--
-- Filtros para la tabla `personalcontratado`
--
ALTER TABLE `personalcontratado`
  ADD CONSTRAINT `idcont_Fk` FOREIGN KEY (`Identificacion`) REFERENCES `persona` (`Identificacion`) ON DELETE NO ACTION ON UPDATE NO ACTION;

--
-- Filtros para la tabla `subgrupoenfermedades`
--
ALTER TABLE `subgrupoenfermedades`
  ADD CONSTRAINT `SubGrupo_FK` FOREIGN KEY (`IdSubgrupo`) REFERENCES `gruposenfermedades` (`IdGrupo`) ON DELETE NO ACTION ON UPDATE NO ACTION;

/*!40101 SET CHARACTER_SET_CLIENT=@OLD_CHARACTER_SET_CLIENT */;
/*!40101 SET CHARACTER_SET_RESULTS=@OLD_CHARACTER_SET_RESULTS */;
/*!40101 SET COLLATION_CONNECTION=@OLD_COLLATION_CONNECTION */;
